"replacecolumns","from","to"
"label_cause","I20","cvd_ihd"
"label_cause","I21","cvd_ihd"
"label_cause","I22","cvd_ihd"
"label_cause","I23","cvd_ihd"
"label_cause","I24","cvd_ihd"
"label_cause","I25","cvd_ihd"
"label_cause","G45","cvd_stroke"
"label_cause","G46","cvd_stroke"
"label_cause","I61","cvd_stroke"
"label_cause","I62","cvd_stroke"
"label_cause","I63","cvd_stroke"
"label_cause","I65","cvd_stroke"
"label_cause","I66","cvd_stroke"
"label_cause","I67","cvd_stroke"
"label_cause","I68","cvd_stroke"
"label_cause","I69","cvd_stroke"
"label_cause","C33","neo_lung"
"label_cause","C34","neo_lung"
"label_cause","D02","neo_lung"
"label_cause","D14","neo_lung"
"label_cause","D38","neo_lung"
"label_cause","J41","resp_copd"
"label_cause","J42","resp_copd"
"label_cause","J43","resp_copd"
"label_cause","J44","resp_copd"
"label_cause","A48","lri"
"label_cause","A70","lri"
"label_cause","B97","lri"
"label_cause","J09","lri"
"label_cause","J10","lri"
"label_cause","J11","lri"
"label_cause","J12","lri"
"label_cause","J13","lri"
"label_cause","J14","lri"
"label_cause","J15","lri"
"label_cause","J16","lri"
"label_cause","J20","lri"
"label_cause","J21","lri"
"label_cause","P23","lri"
"label_cause","U04","lri"
"label_cause","E11","t2_dm"
"label_cause","C00","ncd_lri"
"label_cause","C01","ncd_lri"
"label_cause","C02","ncd_lri"
"label_cause","C03","ncd_lri"
"label_cause","C04","ncd_lri"
"label_cause","C05","ncd_lri"
"label_cause","C06","ncd_lri"
"label_cause","C07","ncd_lri"
"label_cause","C08","ncd_lri"
"label_cause","C09","ncd_lri"
"label_cause","C10","ncd_lri"
"label_cause","C11","ncd_lri"
"label_cause","C12","ncd_lri"
"label_cause","C13","ncd_lri"
"label_cause","C14","ncd_lri"
"label_cause","C15","ncd_lri"
"label_cause","C16","ncd_lri"
"label_cause","C17","ncd_lri"
"label_cause","C18","ncd_lri"
"label_cause","C19","ncd_lri"
"label_cause","C20","ncd_lri"
"label_cause","C21","ncd_lri"
"label_cause","C22","ncd_lri"
"label_cause","C23","ncd_lri"
"label_cause","C24","ncd_lri"
"label_cause","C25","ncd_lri"
"label_cause","C26","ncd_lri"
"label_cause","C27","ncd_lri"
"label_cause","C28","ncd_lri"
"label_cause","C29","ncd_lri"
"label_cause","C30","ncd_lri"
"label_cause","C31","ncd_lri"
"label_cause","C32","ncd_lri"
"label_cause","C33","ncd_lri"
"label_cause","C34","ncd_lri"
"label_cause","C35","ncd_lri"
"label_cause","C36","ncd_lri"
"label_cause","C37","ncd_lri"
"label_cause","C38","ncd_lri"
"label_cause","C39","ncd_lri"
"label_cause","C40","ncd_lri"
"label_cause","C41","ncd_lri"
"label_cause","C42","ncd_lri"
"label_cause","C43","ncd_lri"
"label_cause","C44","ncd_lri"
"label_cause","C45","ncd_lri"
"label_cause","C46","ncd_lri"
"label_cause","C47","ncd_lri"
"label_cause","C48","ncd_lri"
"label_cause","C49","ncd_lri"
"label_cause","C50","ncd_lri"
"label_cause","C51","ncd_lri"
"label_cause","C52","ncd_lri"
"label_cause","C53","ncd_lri"
"label_cause","C54","ncd_lri"
"label_cause","C55","ncd_lri"
"label_cause","C56","ncd_lri"
"label_cause","C57","ncd_lri"
"label_cause","C58","ncd_lri"
"label_cause","C59","ncd_lri"
"label_cause","C60","ncd_lri"
"label_cause","C61","ncd_lri"
"label_cause","C62","ncd_lri"
"label_cause","C63","ncd_lri"
"label_cause","C64","ncd_lri"
"label_cause","C65","ncd_lri"
"label_cause","C66","ncd_lri"
"label_cause","C67","ncd_lri"
"label_cause","C68","ncd_lri"
"label_cause","C69","ncd_lri"
"label_cause","C70","ncd_lri"
"label_cause","C71","ncd_lri"
"label_cause","C72","ncd_lri"
"label_cause","C73","ncd_lri"
"label_cause","C74","ncd_lri"
"label_cause","C75","ncd_lri"
"label_cause","C76","ncd_lri"
"label_cause","C77","ncd_lri"
"label_cause","C78","ncd_lri"
"label_cause","C79","ncd_lri"
"label_cause","C80","ncd_lri"
"label_cause","C81","ncd_lri"
"label_cause","C82","ncd_lri"
"label_cause","C83","ncd_lri"
"label_cause","C84","ncd_lri"
"label_cause","C85","ncd_lri"
"label_cause","C86","ncd_lri"
"label_cause","C87","ncd_lri"
"label_cause","C88","ncd_lri"
"label_cause","C89","ncd_lri"
"label_cause","C90","ncd_lri"
"label_cause","C91","ncd_lri"
"label_cause","C92","ncd_lri"
"label_cause","C93","ncd_lri"
"label_cause","C94","ncd_lri"
"label_cause","C95","ncd_lri"
"label_cause","C96","ncd_lri"
"label_cause","C97","ncd_lri"
"label_cause","D00","ncd_lri"
"label_cause","D01","ncd_lri"
"label_cause","D02","ncd_lri"
"label_cause","D03","ncd_lri"
"label_cause","D04","ncd_lri"
"label_cause","D05","ncd_lri"
"label_cause","D06","ncd_lri"
"label_cause","D07","ncd_lri"
"label_cause","D08","ncd_lri"
"label_cause","D09","ncd_lri"
"label_cause","D10","ncd_lri"
"label_cause","D11","ncd_lri"
"label_cause","D12","ncd_lri"
"label_cause","D13","ncd_lri"
"label_cause","D14","ncd_lri"
"label_cause","D15","ncd_lri"
"label_cause","D16","ncd_lri"
"label_cause","D17","ncd_lri"
"label_cause","D18","ncd_lri"
"label_cause","D19","ncd_lri"
"label_cause","D20","ncd_lri"
"label_cause","D21","ncd_lri"
"label_cause","D22","ncd_lri"
"label_cause","D23","ncd_lri"
"label_cause","D24","ncd_lri"
"label_cause","D25","ncd_lri"
"label_cause","D26","ncd_lri"
"label_cause","D27","ncd_lri"
"label_cause","D28","ncd_lri"
"label_cause","D29","ncd_lri"
"label_cause","D30","ncd_lri"
"label_cause","D31","ncd_lri"
"label_cause","D32","ncd_lri"
"label_cause","D33","ncd_lri"
"label_cause","D34","ncd_lri"
"label_cause","D35","ncd_lri"
"label_cause","D36","ncd_lri"
"label_cause","D37","ncd_lri"
"label_cause","D38","ncd_lri"
"label_cause","D39","ncd_lri"
"label_cause","D40","ncd_lri"
"label_cause","D41","ncd_lri"
"label_cause","D42","ncd_lri"
"label_cause","D43","ncd_lri"
"label_cause","D44","ncd_lri"
"label_cause","D45","ncd_lri"
"label_cause","D46","ncd_lri"
"label_cause","D47","ncd_lri"
"label_cause","D48","ncd_lri"
"label_cause","D55","ncd_lri"
"label_cause","D56","ncd_lri"
"label_cause","D57","ncd_lri"
"label_cause","D58","ncd_lri"
"label_cause","D59","ncd_lri"
"label_cause","D60","ncd_lri"
"label_cause","D61","ncd_lri"
"label_cause","D62","ncd_lri"
"label_cause","D63","ncd_lri"
"label_cause","D64","ncd_lri"
"label_cause","D65","ncd_lri"
"label_cause","D66","ncd_lri"
"label_cause","D67","ncd_lri"
"label_cause","D68","ncd_lri"
"label_cause","D69","ncd_lri"
"label_cause","D70","ncd_lri"
"label_cause","D71","ncd_lri"
"label_cause","D72","ncd_lri"
"label_cause","D73","ncd_lri"
"label_cause","D74","ncd_lri"
"label_cause","D75","ncd_lri"
"label_cause","D76","ncd_lri"
"label_cause","D77","ncd_lri"
"label_cause","D78","ncd_lri"
"label_cause","D79","ncd_lri"
"label_cause","D80","ncd_lri"
"label_cause","D81","ncd_lri"
"label_cause","D82","ncd_lri"
"label_cause","D83","ncd_lri"
"label_cause","D84","ncd_lri"
"label_cause","D85","ncd_lri"
"label_cause","D86","ncd_lri"
"label_cause","D87","ncd_lri"
"label_cause","D88","ncd_lri"
"label_cause","D89","ncd_lri"
"label_cause","E03","ncd_lri"
"label_cause","E04","ncd_lri"
"label_cause","E05","ncd_lri"
"label_cause","E06","ncd_lri"
"label_cause","E07","ncd_lri"
"label_cause","E10","ncd_lri"
"label_cause","E11","ncd_lri"
"label_cause","E12","ncd_lri"
"label_cause","E13","ncd_lri"
"label_cause","E14","ncd_lri"
"label_cause","E15","ncd_lri"
"label_cause","E16","ncd_lri"
"label_cause","E20","ncd_lri"
"label_cause","E21","ncd_lri"
"label_cause","E22","ncd_lri"
"label_cause","E23","ncd_lri"
"label_cause","E24","ncd_lri"
"label_cause","E25","ncd_lri"
"label_cause","E26","ncd_lri"
"label_cause","E27","ncd_lri"
"label_cause","E28","ncd_lri"
"label_cause","E29","ncd_lri"
"label_cause","E30","ncd_lri"
"label_cause","E31","ncd_lri"
"label_cause","E32","ncd_lri"
"label_cause","E33","ncd_lri"
"label_cause","E34","ncd_lri"
"label_cause","E65","ncd_lri"
"label_cause","E66","ncd_lri"
"label_cause","E67","ncd_lri"
"label_cause","E68","ncd_lri"
"label_cause","E69","ncd_lri"
"label_cause","E70","ncd_lri"
"label_cause","E71","ncd_lri"
"label_cause","E72","ncd_lri"
"label_cause","E73","ncd_lri"
"label_cause","E74","ncd_lri"
"label_cause","E75","ncd_lri"
"label_cause","E76","ncd_lri"
"label_cause","E77","ncd_lri"
"label_cause","E78","ncd_lri"
"label_cause","E79","ncd_lri"
"label_cause","E80","ncd_lri"
"label_cause","E81","ncd_lri"
"label_cause","E82","ncd_lri"
"label_cause","E83","ncd_lri"
"label_cause","E84","ncd_lri"
"label_cause","E85","ncd_lri"
"label_cause","E86","ncd_lri"
"label_cause","E87","ncd_lri"
"label_cause","E88","ncd_lri"
"label_cause","F01","ncd_lri"
"label_cause","F02","ncd_lri"
"label_cause","F03","ncd_lri"
"label_cause","F04","ncd_lri"
"label_cause","F05","ncd_lri"
"label_cause","F06","ncd_lri"
"label_cause","F07","ncd_lri"
"label_cause","F08","ncd_lri"
"label_cause","F09","ncd_lri"
"label_cause","F10","ncd_lri"
"label_cause","F11","ncd_lri"
"label_cause","F12","ncd_lri"
"label_cause","F13","ncd_lri"
"label_cause","F14","ncd_lri"
"label_cause","F15","ncd_lri"
"label_cause","F16","ncd_lri"
"label_cause","F17","ncd_lri"
"label_cause","F18","ncd_lri"
"label_cause","F19","ncd_lri"
"label_cause","F20","ncd_lri"
"label_cause","F21","ncd_lri"
"label_cause","F22","ncd_lri"
"label_cause","F23","ncd_lri"
"label_cause","F24","ncd_lri"
"label_cause","F25","ncd_lri"
"label_cause","F26","ncd_lri"
"label_cause","F27","ncd_lri"
"label_cause","F28","ncd_lri"
"label_cause","F29","ncd_lri"
"label_cause","F30","ncd_lri"
"label_cause","F31","ncd_lri"
"label_cause","F32","ncd_lri"
"label_cause","F33","ncd_lri"
"label_cause","F34","ncd_lri"
"label_cause","F35","ncd_lri"
"label_cause","F36","ncd_lri"
"label_cause","F37","ncd_lri"
"label_cause","F38","ncd_lri"
"label_cause","F39","ncd_lri"
"label_cause","F40","ncd_lri"
"label_cause","F41","ncd_lri"
"label_cause","F42","ncd_lri"
"label_cause","F43","ncd_lri"
"label_cause","F44","ncd_lri"
"label_cause","F45","ncd_lri"
"label_cause","F46","ncd_lri"
"label_cause","F47","ncd_lri"
"label_cause","F48","ncd_lri"
"label_cause","F49","ncd_lri"
"label_cause","F50","ncd_lri"
"label_cause","F51","ncd_lri"
"label_cause","F52","ncd_lri"
"label_cause","F53","ncd_lri"
"label_cause","F54","ncd_lri"
"label_cause","F55","ncd_lri"
"label_cause","F56","ncd_lri"
"label_cause","F57","ncd_lri"
"label_cause","F58","ncd_lri"
"label_cause","F59","ncd_lri"
"label_cause","F60","ncd_lri"
"label_cause","F61","ncd_lri"
"label_cause","F62","ncd_lri"
"label_cause","F63","ncd_lri"
"label_cause","F64","ncd_lri"
"label_cause","F65","ncd_lri"
"label_cause","F66","ncd_lri"
"label_cause","F67","ncd_lri"
"label_cause","F68","ncd_lri"
"label_cause","F69","ncd_lri"
"label_cause","F70","ncd_lri"
"label_cause","F71","ncd_lri"
"label_cause","F72","ncd_lri"
"label_cause","F73","ncd_lri"
"label_cause","F74","ncd_lri"
"label_cause","F75","ncd_lri"
"label_cause","F76","ncd_lri"
"label_cause","F77","ncd_lri"
"label_cause","F78","ncd_lri"
"label_cause","F79","ncd_lri"
"label_cause","F80","ncd_lri"
"label_cause","F81","ncd_lri"
"label_cause","F82","ncd_lri"
"label_cause","F83","ncd_lri"
"label_cause","F84","ncd_lri"
"label_cause","F85","ncd_lri"
"label_cause","F86","ncd_lri"
"label_cause","F87","ncd_lri"
"label_cause","F88","ncd_lri"
"label_cause","F89","ncd_lri"
"label_cause","F90","ncd_lri"
"label_cause","F91","ncd_lri"
"label_cause","F92","ncd_lri"
"label_cause","F93","ncd_lri"
"label_cause","F94","ncd_lri"
"label_cause","F95","ncd_lri"
"label_cause","F96","ncd_lri"
"label_cause","F97","ncd_lri"
"label_cause","F98","ncd_lri"
"label_cause","F99","ncd_lri"
"label_cause","F01","ncd_lri"
"label_cause","F02","ncd_lri"
"label_cause","F03","ncd_lri"
"label_cause","F04","ncd_lri"
"label_cause","F05","ncd_lri"
"label_cause","F06","ncd_lri"
"label_cause","F07","ncd_lri"
"label_cause","F08","ncd_lri"
"label_cause","F09","ncd_lri"
"label_cause","F10","ncd_lri"
"label_cause","F11","ncd_lri"
"label_cause","F12","ncd_lri"
"label_cause","F13","ncd_lri"
"label_cause","F14","ncd_lri"
"label_cause","F15","ncd_lri"
"label_cause","F16","ncd_lri"
"label_cause","F17","ncd_lri"
"label_cause","F18","ncd_lri"
"label_cause","F19","ncd_lri"
"label_cause","F20","ncd_lri"
"label_cause","F21","ncd_lri"
"label_cause","F22","ncd_lri"
"label_cause","F23","ncd_lri"
"label_cause","F24","ncd_lri"
"label_cause","F25","ncd_lri"
"label_cause","F26","ncd_lri"
"label_cause","F27","ncd_lri"
"label_cause","F28","ncd_lri"
"label_cause","F29","ncd_lri"
"label_cause","F30","ncd_lri"
"label_cause","F31","ncd_lri"
"label_cause","F32","ncd_lri"
"label_cause","F33","ncd_lri"
"label_cause","F34","ncd_lri"
"label_cause","F35","ncd_lri"
"label_cause","F36","ncd_lri"
"label_cause","F37","ncd_lri"
"label_cause","F38","ncd_lri"
"label_cause","F39","ncd_lri"
"label_cause","F40","ncd_lri"
"label_cause","F41","ncd_lri"
"label_cause","F42","ncd_lri"
"label_cause","F43","ncd_lri"
"label_cause","F44","ncd_lri"
"label_cause","F45","ncd_lri"
"label_cause","F46","ncd_lri"
"label_cause","F47","ncd_lri"
"label_cause","F48","ncd_lri"
"label_cause","F49","ncd_lri"
"label_cause","F50","ncd_lri"
"label_cause","F51","ncd_lri"
"label_cause","F52","ncd_lri"
"label_cause","F53","ncd_lri"
"label_cause","F54","ncd_lri"
"label_cause","F55","ncd_lri"
"label_cause","F56","ncd_lri"
"label_cause","F57","ncd_lri"
"label_cause","F58","ncd_lri"
"label_cause","F59","ncd_lri"
"label_cause","F60","ncd_lri"
"label_cause","F61","ncd_lri"
"label_cause","F62","ncd_lri"
"label_cause","F63","ncd_lri"
"label_cause","F64","ncd_lri"
"label_cause","F65","ncd_lri"
"label_cause","F66","ncd_lri"
"label_cause","F67","ncd_lri"
"label_cause","F68","ncd_lri"
"label_cause","F69","ncd_lri"
"label_cause","F70","ncd_lri"
"label_cause","F71","ncd_lri"
"label_cause","F72","ncd_lri"
"label_cause","F73","ncd_lri"
"label_cause","F74","ncd_lri"
"label_cause","F75","ncd_lri"
"label_cause","F76","ncd_lri"
"label_cause","F77","ncd_lri"
"label_cause","F78","ncd_lri"
"label_cause","F79","ncd_lri"
"label_cause","F80","ncd_lri"
"label_cause","F81","ncd_lri"
"label_cause","F82","ncd_lri"
"label_cause","F83","ncd_lri"
"label_cause","F84","ncd_lri"
"label_cause","F85","ncd_lri"
"label_cause","F86","ncd_lri"
"label_cause","F87","ncd_lri"
"label_cause","F88","ncd_lri"
"label_cause","F89","ncd_lri"
"label_cause","F90","ncd_lri"
"label_cause","F91","ncd_lri"
"label_cause","F92","ncd_lri"
"label_cause","F93","ncd_lri"
"label_cause","F94","ncd_lri"
"label_cause","F95","ncd_lri"
"label_cause","F96","ncd_lri"
"label_cause","F97","ncd_lri"
"label_cause","F98","ncd_lri"
"label_cause","F99","ncd_lri"
"label_cause","G06","ncd_lri"
"label_cause","G07","ncd_lri"
"label_cause","G08","ncd_lri"
"label_cause","G09","ncd_lri"
"label_cause","G10","ncd_lri"
"label_cause","G11","ncd_lri"
"label_cause","G12","ncd_lri"
"label_cause","G13","ncd_lri"
"label_cause","G14","ncd_lri"
"label_cause","G15","ncd_lri"
"label_cause","G16","ncd_lri"
"label_cause","G17","ncd_lri"
"label_cause","G18","ncd_lri"
"label_cause","G19","ncd_lri"
"label_cause","G20","ncd_lri"
"label_cause","G21","ncd_lri"
"label_cause","G22","ncd_lri"
"label_cause","G23","ncd_lri"
"label_cause","G24","ncd_lri"
"label_cause","G25","ncd_lri"
"label_cause","G26","ncd_lri"
"label_cause","G27","ncd_lri"
"label_cause","G28","ncd_lri"
"label_cause","G29","ncd_lri"
"label_cause","G30","ncd_lri"
"label_cause","G31","ncd_lri"
"label_cause","G32","ncd_lri"
"label_cause","G33","ncd_lri"
"label_cause","G34","ncd_lri"
"label_cause","G35","ncd_lri"
"label_cause","G36","ncd_lri"
"label_cause","G37","ncd_lri"
"label_cause","G38","ncd_lri"
"label_cause","G39","ncd_lri"
"label_cause","G40","ncd_lri"
"label_cause","G41","ncd_lri"
"label_cause","G42","ncd_lri"
"label_cause","G43","ncd_lri"
"label_cause","G44","ncd_lri"
"label_cause","G45","ncd_lri"
"label_cause","G46","ncd_lri"
"label_cause","G47","ncd_lri"
"label_cause","G48","ncd_lri"
"label_cause","G49","ncd_lri"
"label_cause","G50","ncd_lri"
"label_cause","G51","ncd_lri"
"label_cause","G52","ncd_lri"
"label_cause","G53","ncd_lri"
"label_cause","G54","ncd_lri"
"label_cause","G55","ncd_lri"
"label_cause","G56","ncd_lri"
"label_cause","G57","ncd_lri"
"label_cause","G58","ncd_lri"
"label_cause","G59","ncd_lri"
"label_cause","G60","ncd_lri"
"label_cause","G61","ncd_lri"
"label_cause","G62","ncd_lri"
"label_cause","G63","ncd_lri"
"label_cause","G64","ncd_lri"
"label_cause","G65","ncd_lri"
"label_cause","G66","ncd_lri"
"label_cause","G67","ncd_lri"
"label_cause","G68","ncd_lri"
"label_cause","G69","ncd_lri"
"label_cause","G70","ncd_lri"
"label_cause","G71","ncd_lri"
"label_cause","G72","ncd_lri"
"label_cause","G73","ncd_lri"
"label_cause","G74","ncd_lri"
"label_cause","G75","ncd_lri"
"label_cause","G76","ncd_lri"
"label_cause","G77","ncd_lri"
"label_cause","G78","ncd_lri"
"label_cause","G79","ncd_lri"
"label_cause","G80","ncd_lri"
"label_cause","G81","ncd_lri"
"label_cause","G82","ncd_lri"
"label_cause","G83","ncd_lri"
"label_cause","G84","ncd_lri"
"label_cause","G85","ncd_lri"
"label_cause","G86","ncd_lri"
"label_cause","G87","ncd_lri"
"label_cause","G88","ncd_lri"
"label_cause","G89","ncd_lri"
"label_cause","G90","ncd_lri"
"label_cause","G91","ncd_lri"
"label_cause","G92","ncd_lri"
"label_cause","G93","ncd_lri"
"label_cause","G94","ncd_lri"
"label_cause","G95","ncd_lri"
"label_cause","G96","ncd_lri"
"label_cause","G97","ncd_lri"
"label_cause","G98","ncd_lri"
"label_cause","H00","ncd_lri"
"label_cause","H01","ncd_lri"
"label_cause","H02","ncd_lri"
"label_cause","H03","ncd_lri"
"label_cause","H04","ncd_lri"
"label_cause","H05","ncd_lri"
"label_cause","H06","ncd_lri"
"label_cause","H07","ncd_lri"
"label_cause","H08","ncd_lri"
"label_cause","H09","ncd_lri"
"label_cause","H10","ncd_lri"
"label_cause","H11","ncd_lri"
"label_cause","H12","ncd_lri"
"label_cause","H13","ncd_lri"
"label_cause","H14","ncd_lri"
"label_cause","H15","ncd_lri"
"label_cause","H16","ncd_lri"
"label_cause","H17","ncd_lri"
"label_cause","H18","ncd_lri"
"label_cause","H19","ncd_lri"
"label_cause","H20","ncd_lri"
"label_cause","H21","ncd_lri"
"label_cause","H22","ncd_lri"
"label_cause","H23","ncd_lri"
"label_cause","H24","ncd_lri"
"label_cause","H25","ncd_lri"
"label_cause","H26","ncd_lri"
"label_cause","H27","ncd_lri"
"label_cause","H28","ncd_lri"
"label_cause","H29","ncd_lri"
"label_cause","H30","ncd_lri"
"label_cause","H31","ncd_lri"
"label_cause","H32","ncd_lri"
"label_cause","H33","ncd_lri"
"label_cause","H34","ncd_lri"
"label_cause","H35","ncd_lri"
"label_cause","H36","ncd_lri"
"label_cause","H37","ncd_lri"
"label_cause","H38","ncd_lri"
"label_cause","H39","ncd_lri"
"label_cause","H40","ncd_lri"
"label_cause","H41","ncd_lri"
"label_cause","H42","ncd_lri"
"label_cause","H43","ncd_lri"
"label_cause","H44","ncd_lri"
"label_cause","H45","ncd_lri"
"label_cause","H46","ncd_lri"
"label_cause","H47","ncd_lri"
"label_cause","H48","ncd_lri"
"label_cause","H49","ncd_lri"
"label_cause","H50","ncd_lri"
"label_cause","H51","ncd_lri"
"label_cause","H52","ncd_lri"
"label_cause","H53","ncd_lri"
"label_cause","H54","ncd_lri"
"label_cause","H55","ncd_lri"
"label_cause","H56","ncd_lri"
"label_cause","H57","ncd_lri"
"label_cause","H58","ncd_lri"
"label_cause","H59","ncd_lri"
"label_cause","H60","ncd_lri"
"label_cause","H61","ncd_lri"
"label_cause","H68","ncd_lri"
"label_cause","H69","ncd_lri"
"label_cause","H70","ncd_lri"
"label_cause","H71","ncd_lri"
"label_cause","H72","ncd_lri"
"label_cause","H73","ncd_lri"
"label_cause","H74","ncd_lri"
"label_cause","H75","ncd_lri"
"label_cause","H76","ncd_lri"
"label_cause","H77","ncd_lri"
"label_cause","H78","ncd_lri"
"label_cause","H79","ncd_lri"
"label_cause","H80","ncd_lri"
"label_cause","H81","ncd_lri"
"label_cause","H82","ncd_lri"
"label_cause","H83","ncd_lri"
"label_cause","H84","ncd_lri"
"label_cause","H85","ncd_lri"
"label_cause","H86","ncd_lri"
"label_cause","H87","ncd_lri"
"label_cause","H88","ncd_lri"
"label_cause","H89","ncd_lri"
"label_cause","H90","ncd_lri"
"label_cause","H91","ncd_lri"
"label_cause","H92","ncd_lri"
"label_cause","H93","ncd_lri"
"label_cause","I00","ncd_lri"
"label_cause","I01","ncd_lri"
"label_cause","I02","ncd_lri"
"label_cause","I03","ncd_lri"
"label_cause","I04","ncd_lri"
"label_cause","I05","ncd_lri"
"label_cause","I06","ncd_lri"
"label_cause","I07","ncd_lri"
"label_cause","I08","ncd_lri"
"label_cause","I09","ncd_lri"
"label_cause","I10","ncd_lri"
"label_cause","I11","ncd_lri"
"label_cause","I12","ncd_lri"
"label_cause","I13","ncd_lri"
"label_cause","I14","ncd_lri"
"label_cause","I15","ncd_lri"
"label_cause","I16","ncd_lri"
"label_cause","I17","ncd_lri"
"label_cause","I18","ncd_lri"
"label_cause","I19","ncd_lri"
"label_cause","I20","ncd_lri"
"label_cause","I21","ncd_lri"
"label_cause","I22","ncd_lri"
"label_cause","I23","ncd_lri"
"label_cause","I24","ncd_lri"
"label_cause","I25","ncd_lri"
"label_cause","I26","ncd_lri"
"label_cause","I27","ncd_lri"
"label_cause","I28","ncd_lri"
"label_cause","I29","ncd_lri"
"label_cause","I30","ncd_lri"
"label_cause","I31","ncd_lri"
"label_cause","I32","ncd_lri"
"label_cause","I33","ncd_lri"
"label_cause","I34","ncd_lri"
"label_cause","I35","ncd_lri"
"label_cause","I36","ncd_lri"
"label_cause","I37","ncd_lri"
"label_cause","I38","ncd_lri"
"label_cause","I39","ncd_lri"
"label_cause","I40","ncd_lri"
"label_cause","I41","ncd_lri"
"label_cause","I42","ncd_lri"
"label_cause","I43","ncd_lri"
"label_cause","I44","ncd_lri"
"label_cause","I45","ncd_lri"
"label_cause","I46","ncd_lri"
"label_cause","I47","ncd_lri"
"label_cause","I48","ncd_lri"
"label_cause","I49","ncd_lri"
"label_cause","I50","ncd_lri"
"label_cause","I51","ncd_lri"
"label_cause","I52","ncd_lri"
"label_cause","I53","ncd_lri"
"label_cause","I54","ncd_lri"
"label_cause","I55","ncd_lri"
"label_cause","I56","ncd_lri"
"label_cause","I57","ncd_lri"
"label_cause","I58","ncd_lri"
"label_cause","I59","ncd_lri"
"label_cause","I60","ncd_lri"
"label_cause","I61","ncd_lri"
"label_cause","I62","ncd_lri"
"label_cause","I63","ncd_lri"
"label_cause","I64","ncd_lri"
"label_cause","I65","ncd_lri"
"label_cause","I66","ncd_lri"
"label_cause","I67","ncd_lri"
"label_cause","I68","ncd_lri"
"label_cause","I69","ncd_lri"
"label_cause","I70","ncd_lri"
"label_cause","I71","ncd_lri"
"label_cause","I72","ncd_lri"
"label_cause","I73","ncd_lri"
"label_cause","I74","ncd_lri"
"label_cause","I75","ncd_lri"
"label_cause","I76","ncd_lri"
"label_cause","I77","ncd_lri"
"label_cause","I78","ncd_lri"
"label_cause","I79","ncd_lri"
"label_cause","I80","ncd_lri"
"label_cause","I81","ncd_lri"
"label_cause","I82","ncd_lri"
"label_cause","I83","ncd_lri"
"label_cause","I84","ncd_lri"
"label_cause","I85","ncd_lri"
"label_cause","I86","ncd_lri"
"label_cause","I87","ncd_lri"
"label_cause","I88","ncd_lri"
"label_cause","I89","ncd_lri"
"label_cause","I90","ncd_lri"
"label_cause","I91","ncd_lri"
"label_cause","I92","ncd_lri"
"label_cause","I93","ncd_lri"
"label_cause","I94","ncd_lri"
"label_cause","I95","ncd_lri"
"label_cause","I96","ncd_lri"
"label_cause","I97","ncd_lri"
"label_cause","I98","ncd_lri"
"label_cause","I99","ncd_lri"
"label_cause","J30","ncd_lri"
"label_cause","J31","ncd_lri"
"label_cause","J32","ncd_lri"
"label_cause","J33","ncd_lri"
"label_cause","J34","ncd_lri"
"label_cause","J35","ncd_lri"
"label_cause","J36","ncd_lri"
"label_cause","J37","ncd_lri"
"label_cause","J38","ncd_lri"
"label_cause","J39","ncd_lri"
"label_cause","J40","ncd_lri"
"label_cause","J41","ncd_lri"
"label_cause","J42","ncd_lri"
"label_cause","J43","ncd_lri"
"label_cause","J44","ncd_lri"
"label_cause","J45","ncd_lri"
"label_cause","J46","ncd_lri"
"label_cause","J47","ncd_lri"
"label_cause","J48","ncd_lri"
"label_cause","J49","ncd_lri"
"label_cause","J50","ncd_lri"
"label_cause","J51","ncd_lri"
"label_cause","J52","ncd_lri"
"label_cause","J53","ncd_lri"
"label_cause","J54","ncd_lri"
"label_cause","J55","ncd_lri"
"label_cause","J56","ncd_lri"
"label_cause","J57","ncd_lri"
"label_cause","J58","ncd_lri"
"label_cause","J59","ncd_lri"
"label_cause","J60","ncd_lri"
"label_cause","J61","ncd_lri"
"label_cause","J62","ncd_lri"
"label_cause","J63","ncd_lri"
"label_cause","J64","ncd_lri"
"label_cause","J65","ncd_lri"
"label_cause","J66","ncd_lri"
"label_cause","J67","ncd_lri"
"label_cause","J68","ncd_lri"
"label_cause","J69","ncd_lri"
"label_cause","J70","ncd_lri"
"label_cause","J71","ncd_lri"
"label_cause","J72","ncd_lri"
"label_cause","J73","ncd_lri"
"label_cause","J74","ncd_lri"
"label_cause","J75","ncd_lri"
"label_cause","J76","ncd_lri"
"label_cause","J77","ncd_lri"
"label_cause","J78","ncd_lri"
"label_cause","J79","ncd_lri"
"label_cause","J80","ncd_lri"
"label_cause","J81","ncd_lri"
"label_cause","J82","ncd_lri"
"label_cause","J83","ncd_lri"
"label_cause","J84","ncd_lri"
"label_cause","J85","ncd_lri"
"label_cause","J86","ncd_lri"
"label_cause","J87","ncd_lri"
"label_cause","J88","ncd_lri"
"label_cause","J89","ncd_lri"
"label_cause","J90","ncd_lri"
"label_cause","J91","ncd_lri"
"label_cause","J92","ncd_lri"
"label_cause","J93","ncd_lri"
"label_cause","J94","ncd_lri"
"label_cause","J95","ncd_lri"
"label_cause","J96","ncd_lri"
"label_cause","J97","ncd_lri"
"label_cause","J98","ncd_lri"
"label_cause","K00","ncd_lri"
"label_cause","K01","ncd_lri"
"label_cause","K02","ncd_lri"
"label_cause","K03","ncd_lri"
"label_cause","K04","ncd_lri"
"label_cause","K05","ncd_lri"
"label_cause","K06","ncd_lri"
"label_cause","K07","ncd_lri"
"label_cause","K08","ncd_lri"
"label_cause","K09","ncd_lri"
"label_cause","K10","ncd_lri"
"label_cause","K11","ncd_lri"
"label_cause","K12","ncd_lri"
"label_cause","K13","ncd_lri"
"label_cause","K14","ncd_lri"
"label_cause","K15","ncd_lri"
"label_cause","K16","ncd_lri"
"label_cause","K17","ncd_lri"
"label_cause","K18","ncd_lri"
"label_cause","K19","ncd_lri"
"label_cause","K20","ncd_lri"
"label_cause","K21","ncd_lri"
"label_cause","K22","ncd_lri"
"label_cause","K23","ncd_lri"
"label_cause","K24","ncd_lri"
"label_cause","K25","ncd_lri"
"label_cause","K26","ncd_lri"
"label_cause","K27","ncd_lri"
"label_cause","K28","ncd_lri"
"label_cause","K29","ncd_lri"
"label_cause","K30","ncd_lri"
"label_cause","K31","ncd_lri"
"label_cause","K32","ncd_lri"
"label_cause","K33","ncd_lri"
"label_cause","K34","ncd_lri"
"label_cause","K35","ncd_lri"
"label_cause","K36","ncd_lri"
"label_cause","K37","ncd_lri"
"label_cause","K38","ncd_lri"
"label_cause","K39","ncd_lri"
"label_cause","K40","ncd_lri"
"label_cause","K41","ncd_lri"
"label_cause","K42","ncd_lri"
"label_cause","K43","ncd_lri"
"label_cause","K44","ncd_lri"
"label_cause","K45","ncd_lri"
"label_cause","K46","ncd_lri"
"label_cause","K47","ncd_lri"
"label_cause","K48","ncd_lri"
"label_cause","K49","ncd_lri"
"label_cause","K50","ncd_lri"
"label_cause","K51","ncd_lri"
"label_cause","K52","ncd_lri"
"label_cause","K53","ncd_lri"
"label_cause","K54","ncd_lri"
"label_cause","K55","ncd_lri"
"label_cause","K56","ncd_lri"
"label_cause","K57","ncd_lri"
"label_cause","K58","ncd_lri"
"label_cause","K59","ncd_lri"
"label_cause","K60","ncd_lri"
"label_cause","K61","ncd_lri"
"label_cause","K62","ncd_lri"
"label_cause","K63","ncd_lri"
"label_cause","K64","ncd_lri"
"label_cause","K65","ncd_lri"
"label_cause","K66","ncd_lri"
"label_cause","K67","ncd_lri"
"label_cause","K68","ncd_lri"
"label_cause","K69","ncd_lri"
"label_cause","K70","ncd_lri"
"label_cause","K71","ncd_lri"
"label_cause","K72","ncd_lri"
"label_cause","K73","ncd_lri"
"label_cause","K74","ncd_lri"
"label_cause","K75","ncd_lri"
"label_cause","K76","ncd_lri"
"label_cause","K77","ncd_lri"
"label_cause","K78","ncd_lri"
"label_cause","K79","ncd_lri"
"label_cause","K80","ncd_lri"
"label_cause","K81","ncd_lri"
"label_cause","K82","ncd_lri"
"label_cause","K83","ncd_lri"
"label_cause","K84","ncd_lri"
"label_cause","K85","ncd_lri"
"label_cause","K86","ncd_lri"
"label_cause","K87","ncd_lri"
"label_cause","K88","ncd_lri"
"label_cause","K89","ncd_lri"
"label_cause","K90","ncd_lri"
"label_cause","K91","ncd_lri"
"label_cause","K92","ncd_lri"
"label_cause","N00","ncd_lri"
"label_cause","N01","ncd_lri"
"label_cause","N02","ncd_lri"
"label_cause","N03","ncd_lri"
"label_cause","N04","ncd_lri"
"label_cause","N05","ncd_lri"
"label_cause","N06","ncd_lri"
"label_cause","N07","ncd_lri"
"label_cause","N08","ncd_lri"
"label_cause","N09","ncd_lri"
"label_cause","N10","ncd_lri"
"label_cause","N11","ncd_lri"
"label_cause","N12","ncd_lri"
"label_cause","N13","ncd_lri"
"label_cause","N14","ncd_lri"
"label_cause","N15","ncd_lri"
"label_cause","N16","ncd_lri"
"label_cause","N17","ncd_lri"
"label_cause","N18","ncd_lri"
"label_cause","N19","ncd_lri"
"label_cause","N20","ncd_lri"
"label_cause","N21","ncd_lri"
"label_cause","N22","ncd_lri"
"label_cause","N23","ncd_lri"
"label_cause","N24","ncd_lri"
"label_cause","N25","ncd_lri"
"label_cause","N26","ncd_lri"
"label_cause","N27","ncd_lri"
"label_cause","N28","ncd_lri"
"label_cause","N29","ncd_lri"
"label_cause","N30","ncd_lri"
"label_cause","N31","ncd_lri"
"label_cause","N32","ncd_lri"
"label_cause","N33","ncd_lri"
"label_cause","N34","ncd_lri"
"label_cause","N35","ncd_lri"
"label_cause","N36","ncd_lri"
"label_cause","N37","ncd_lri"
"label_cause","N38","ncd_lri"
"label_cause","N39","ncd_lri"
"label_cause","N40","ncd_lri"
"label_cause","N41","ncd_lri"
"label_cause","N42","ncd_lri"
"label_cause","N43","ncd_lri"
"label_cause","N44","ncd_lri"
"label_cause","N45","ncd_lri"
"label_cause","N46","ncd_lri"
"label_cause","N47","ncd_lri"
"label_cause","N48","ncd_lri"
"label_cause","N49","ncd_lri"
"label_cause","N50","ncd_lri"
"label_cause","N51","ncd_lri"
"label_cause","N52","ncd_lri"
"label_cause","N53","ncd_lri"
"label_cause","N54","ncd_lri"
"label_cause","N55","ncd_lri"
"label_cause","N56","ncd_lri"
"label_cause","N57","ncd_lri"
"label_cause","N58","ncd_lri"
"label_cause","N59","ncd_lri"
"label_cause","N60","ncd_lri"
"label_cause","N61","ncd_lri"
"label_cause","N62","ncd_lri"
"label_cause","N63","ncd_lri"
"label_cause","N64","ncd_lri"
"label_cause","N75","ncd_lri"
"label_cause","N76","ncd_lri"
"label_cause","N77","ncd_lri"
"label_cause","N78","ncd_lri"
"label_cause","N79","ncd_lri"
"label_cause","N80","ncd_lri"
"label_cause","N81","ncd_lri"
"label_cause","N82","ncd_lri"
"label_cause","N83","ncd_lri"
"label_cause","N84","ncd_lri"
"label_cause","N85","ncd_lri"
"label_cause","N86","ncd_lri"
"label_cause","N87","ncd_lri"
"label_cause","N88","ncd_lri"
"label_cause","N89","ncd_lri"
"label_cause","N90","ncd_lri"
"label_cause","N91","ncd_lri"
"label_cause","N92","ncd_lri"
"label_cause","N93","ncd_lri"
"label_cause","N94","ncd_lri"
"label_cause","N95","ncd_lri"
"label_cause","N96","ncd_lri"
"label_cause","N97","ncd_lri"
"label_cause","N98","ncd_lri"
"label_cause","L00","ncd_lri"
"label_cause","L01","ncd_lri"
"label_cause","L02","ncd_lri"
"label_cause","L03","ncd_lri"
"label_cause","L04","ncd_lri"
"label_cause","L05","ncd_lri"
"label_cause","L06","ncd_lri"
"label_cause","L07","ncd_lri"
"label_cause","L08","ncd_lri"
"label_cause","L09","ncd_lri"
"label_cause","L10","ncd_lri"
"label_cause","L11","ncd_lri"
"label_cause","L12","ncd_lri"
"label_cause","L13","ncd_lri"
"label_cause","L14","ncd_lri"
"label_cause","L15","ncd_lri"
"label_cause","L16","ncd_lri"
"label_cause","L17","ncd_lri"
"label_cause","L18","ncd_lri"
"label_cause","L19","ncd_lri"
"label_cause","L20","ncd_lri"
"label_cause","L21","ncd_lri"
"label_cause","L22","ncd_lri"
"label_cause","L23","ncd_lri"
"label_cause","L24","ncd_lri"
"label_cause","L25","ncd_lri"
"label_cause","L26","ncd_lri"
"label_cause","L27","ncd_lri"
"label_cause","L28","ncd_lri"
"label_cause","L29","ncd_lri"
"label_cause","L30","ncd_lri"
"label_cause","L31","ncd_lri"
"label_cause","L32","ncd_lri"
"label_cause","L33","ncd_lri"
"label_cause","L34","ncd_lri"
"label_cause","L35","ncd_lri"
"label_cause","L36","ncd_lri"
"label_cause","L37","ncd_lri"
"label_cause","L38","ncd_lri"
"label_cause","L39","ncd_lri"
"label_cause","L40","ncd_lri"
"label_cause","L41","ncd_lri"
"label_cause","L42","ncd_lri"
"label_cause","L43","ncd_lri"
"label_cause","L44","ncd_lri"
"label_cause","L45","ncd_lri"
"label_cause","L46","ncd_lri"
"label_cause","L47","ncd_lri"
"label_cause","L48","ncd_lri"
"label_cause","L49","ncd_lri"
"label_cause","L50","ncd_lri"
"label_cause","L51","ncd_lri"
"label_cause","L52","ncd_lri"
"label_cause","L53","ncd_lri"
"label_cause","L54","ncd_lri"
"label_cause","L55","ncd_lri"
"label_cause","L56","ncd_lri"
"label_cause","L57","ncd_lri"
"label_cause","L58","ncd_lri"
"label_cause","L59","ncd_lri"
"label_cause","L60","ncd_lri"
"label_cause","L61","ncd_lri"
"label_cause","L62","ncd_lri"
"label_cause","L63","ncd_lri"
"label_cause","L64","ncd_lri"
"label_cause","L65","ncd_lri"
"label_cause","L66","ncd_lri"
"label_cause","L67","ncd_lri"
"label_cause","L68","ncd_lri"
"label_cause","L69","ncd_lri"
"label_cause","L70","ncd_lri"
"label_cause","L71","ncd_lri"
"label_cause","L72","ncd_lri"
"label_cause","L73","ncd_lri"
"label_cause","L74","ncd_lri"
"label_cause","L75","ncd_lri"
"label_cause","L76","ncd_lri"
"label_cause","L77","ncd_lri"
"label_cause","L78","ncd_lri"
"label_cause","L79","ncd_lri"
"label_cause","L80","ncd_lri"
"label_cause","L81","ncd_lri"
"label_cause","L82","ncd_lri"
"label_cause","L83","ncd_lri"
"label_cause","L84","ncd_lri"
"label_cause","L85","ncd_lri"
"label_cause","L86","ncd_lri"
"label_cause","L87","ncd_lri"
"label_cause","L88","ncd_lri"
"label_cause","L89","ncd_lri"
"label_cause","L90","ncd_lri"
"label_cause","L91","ncd_lri"
"label_cause","L92","ncd_lri"
"label_cause","L93","ncd_lri"
"label_cause","L94","ncd_lri"
"label_cause","L95","ncd_lri"
"label_cause","L96","ncd_lri"
"label_cause","L97","ncd_lri"
"label_cause","L98","ncd_lri"
"label_cause","M00","ncd_lri"
"label_cause","M01","ncd_lri"
"label_cause","M02","ncd_lri"
"label_cause","M03","ncd_lri"
"label_cause","M04","ncd_lri"
"label_cause","M05","ncd_lri"
"label_cause","M06","ncd_lri"
"label_cause","M07","ncd_lri"
"label_cause","M08","ncd_lri"
"label_cause","M09","ncd_lri"
"label_cause","M10","ncd_lri"
"label_cause","M11","ncd_lri"
"label_cause","M12","ncd_lri"
"label_cause","M13","ncd_lri"
"label_cause","M14","ncd_lri"
"label_cause","M15","ncd_lri"
"label_cause","M16","ncd_lri"
"label_cause","M17","ncd_lri"
"label_cause","M18","ncd_lri"
"label_cause","M19","ncd_lri"
"label_cause","M20","ncd_lri"
"label_cause","M21","ncd_lri"
"label_cause","M22","ncd_lri"
"label_cause","M23","ncd_lri"
"label_cause","M24","ncd_lri"
"label_cause","M25","ncd_lri"
"label_cause","M26","ncd_lri"
"label_cause","M27","ncd_lri"
"label_cause","M28","ncd_lri"
"label_cause","M29","ncd_lri"
"label_cause","M30","ncd_lri"
"label_cause","M31","ncd_lri"
"label_cause","M32","ncd_lri"
"label_cause","M33","ncd_lri"
"label_cause","M34","ncd_lri"
"label_cause","M35","ncd_lri"
"label_cause","M36","ncd_lri"
"label_cause","M37","ncd_lri"
"label_cause","M38","ncd_lri"
"label_cause","M39","ncd_lri"
"label_cause","M40","ncd_lri"
"label_cause","M41","ncd_lri"
"label_cause","M42","ncd_lri"
"label_cause","M43","ncd_lri"
"label_cause","M44","ncd_lri"
"label_cause","M45","ncd_lri"
"label_cause","M46","ncd_lri"
"label_cause","M47","ncd_lri"
"label_cause","M48","ncd_lri"
"label_cause","M49","ncd_lri"
"label_cause","M50","ncd_lri"
"label_cause","M51","ncd_lri"
"label_cause","M52","ncd_lri"
"label_cause","M53","ncd_lri"
"label_cause","M54","ncd_lri"
"label_cause","M55","ncd_lri"
"label_cause","M56","ncd_lri"
"label_cause","M57","ncd_lri"
"label_cause","M58","ncd_lri"
"label_cause","M59","ncd_lri"
"label_cause","M60","ncd_lri"
"label_cause","M61","ncd_lri"
"label_cause","M62","ncd_lri"
"label_cause","M63","ncd_lri"
"label_cause","M64","ncd_lri"
"label_cause","M65","ncd_lri"
"label_cause","M66","ncd_lri"
"label_cause","M67","ncd_lri"
"label_cause","M68","ncd_lri"
"label_cause","M69","ncd_lri"
"label_cause","M70","ncd_lri"
"label_cause","M71","ncd_lri"
"label_cause","M72","ncd_lri"
"label_cause","M73","ncd_lri"
"label_cause","M74","ncd_lri"
"label_cause","M75","ncd_lri"
"label_cause","M76","ncd_lri"
"label_cause","M77","ncd_lri"
"label_cause","M78","ncd_lri"
"label_cause","M79","ncd_lri"
"label_cause","M80","ncd_lri"
"label_cause","M81","ncd_lri"
"label_cause","M82","ncd_lri"
"label_cause","M83","ncd_lri"
"label_cause","M84","ncd_lri"
"label_cause","M85","ncd_lri"
"label_cause","M86","ncd_lri"
"label_cause","M87","ncd_lri"
"label_cause","M88","ncd_lri"
"label_cause","M89","ncd_lri"
"label_cause","M90","ncd_lri"
"label_cause","M91","ncd_lri"
"label_cause","M92","ncd_lri"
"label_cause","M93","ncd_lri"
"label_cause","M94","ncd_lri"
"label_cause","M95","ncd_lri"
"label_cause","M96","ncd_lri"
"label_cause","M97","ncd_lri"
"label_cause","M98","ncd_lri"
"label_cause","M99","ncd_lri"
"label_cause","Q00","ncd_lri"
"label_cause","Q01","ncd_lri"
"label_cause","Q02","ncd_lri"
"label_cause","Q03","ncd_lri"
"label_cause","Q04","ncd_lri"
"label_cause","Q05","ncd_lri"
"label_cause","Q06","ncd_lri"
"label_cause","Q07","ncd_lri"
"label_cause","Q08","ncd_lri"
"label_cause","Q09","ncd_lri"
"label_cause","Q10","ncd_lri"
"label_cause","Q11","ncd_lri"
"label_cause","Q12","ncd_lri"
"label_cause","Q13","ncd_lri"
"label_cause","Q14","ncd_lri"
"label_cause","Q15","ncd_lri"
"label_cause","Q16","ncd_lri"
"label_cause","Q17","ncd_lri"
"label_cause","Q18","ncd_lri"
"label_cause","Q19","ncd_lri"
"label_cause","Q20","ncd_lri"
"label_cause","Q21","ncd_lri"
"label_cause","Q22","ncd_lri"
"label_cause","Q23","ncd_lri"
"label_cause","Q24","ncd_lri"
"label_cause","Q25","ncd_lri"
"label_cause","Q26","ncd_lri"
"label_cause","Q27","ncd_lri"
"label_cause","Q28","ncd_lri"
"label_cause","Q29","ncd_lri"
"label_cause","Q30","ncd_lri"
"label_cause","Q31","ncd_lri"
"label_cause","Q32","ncd_lri"
"label_cause","Q33","ncd_lri"
"label_cause","Q34","ncd_lri"
"label_cause","Q35","ncd_lri"
"label_cause","Q36","ncd_lri"
"label_cause","Q37","ncd_lri"
"label_cause","Q38","ncd_lri"
"label_cause","Q39","ncd_lri"
"label_cause","Q40","ncd_lri"
"label_cause","Q41","ncd_lri"
"label_cause","Q42","ncd_lri"
"label_cause","Q43","ncd_lri"
"label_cause","Q44","ncd_lri"
"label_cause","Q45","ncd_lri"
"label_cause","Q46","ncd_lri"
"label_cause","Q47","ncd_lri"
"label_cause","Q48","ncd_lri"
"label_cause","Q49","ncd_lri"
"label_cause","Q50","ncd_lri"
"label_cause","Q51","ncd_lri"
"label_cause","Q52","ncd_lri"
"label_cause","Q53","ncd_lri"
"label_cause","Q54","ncd_lri"
"label_cause","Q55","ncd_lri"
"label_cause","Q56","ncd_lri"
"label_cause","Q57","ncd_lri"
"label_cause","Q58","ncd_lri"
"label_cause","Q59","ncd_lri"
"label_cause","Q60","ncd_lri"
"label_cause","Q61","ncd_lri"
"label_cause","Q62","ncd_lri"
"label_cause","Q63","ncd_lri"
"label_cause","Q64","ncd_lri"
"label_cause","Q65","ncd_lri"
"label_cause","Q66","ncd_lri"
"label_cause","Q67","ncd_lri"
"label_cause","Q68","ncd_lri"
"label_cause","Q69","ncd_lri"
"label_cause","Q70","ncd_lri"
"label_cause","Q71","ncd_lri"
"label_cause","Q72","ncd_lri"
"label_cause","Q73","ncd_lri"
"label_cause","Q74","ncd_lri"
"label_cause","Q75","ncd_lri"
"label_cause","Q76","ncd_lri"
"label_cause","Q77","ncd_lri"
"label_cause","Q78","ncd_lri"
"label_cause","Q79","ncd_lri"
"label_cause","Q80","ncd_lri"
"label_cause","Q81","ncd_lri"
"label_cause","Q82","ncd_lri"
"label_cause","Q83","ncd_lri"
"label_cause","Q84","ncd_lri"
"label_cause","Q85","ncd_lri"
"label_cause","Q86","ncd_lri"
"label_cause","Q87","ncd_lri"
"label_cause","Q88","ncd_lri"
"label_cause","Q89","ncd_lri"
"label_cause","Q90","ncd_lri"
"label_cause","Q91","ncd_lri"
"label_cause","Q92","ncd_lri"
"label_cause","Q93","ncd_lri"
"label_cause","Q94","ncd_lri"
"label_cause","Q95","ncd_lri"
"label_cause","Q96","ncd_lri"
"label_cause","Q97","ncd_lri"
"label_cause","Q98","ncd_lri"
"label_cause","Q99","ncd_lri"
"label_cause","J09","ncd_lri"
"label_cause","J10","ncd_lri"
"label_cause","J11","ncd_lri"
"label_cause","J12","ncd_lri"
"label_cause","J13","ncd_lri"
"label_cause","J14","ncd_lri"
"label_cause","J15","ncd_lri"
"label_cause","J16","ncd_lri"
"label_cause","J17","ncd_lri"
"label_cause","J18","ncd_lri"
"label_cause","J19","ncd_lri"
"label_cause","J20","ncd_lri"
"label_cause","J21","ncd_lri"
"label_cause","J22","ncd_lri"
